user_id,movie_id,rating,timestamp
103,22,1.9,978300000
180,66,2.7,978300001
93,38,4.0,978300002
15,90,1.8,978300003
107,46,3.9,978300004
72,15,4.5,978300005
189,98,2.8,978300006
21,44,4.3,978300007
103,49,3.2,978300008
122,75,3.5,978300009
75,61,3.1,978300010
88,67,2.9,978300011
117,6,1.9,978300012
100,9,2.2,978300013
104,6,2.2,978300014
152,73,3.3,978300015
131,95,1.5,978300016
150,32,4.7,978300017
53,41,3.9,978300018
2,76,2.6,978300019
88,8,1.6,978300020
158,72,4.5,978300021
38,50,4.3,978300022
130,92,3.9,978300023
192,62,2.1,978300024
188,84,2.6,978300025
21,62,1.4,978300026
161,7,1.8,978300027
58,75,4.1,978300028
22,84,3.9,978300029
89,80,3.4,978300030
49,4,4.6,978300031
59,6,3.3,978300032
170,58,2.9,978300033
188,22,2.4,978300034
15,26,4.8,978300035
190,3,1.3,978300036
190,41,4.7,978300037
175,60,4.3,978300038
190,14,1.5,978300039
51,75,3.3,978300040
108,82,4.5,978300041
55,12,3.3,978300042
64,87,4.6,978300043
131,12,4.8,978300044
51,13,2.7,978300045
135,25,2.5,978300046
21,45,4.7,978300047
73,19,3.7,978300048
167,55,1.5,978300049
18,100,1.2,978300050
132,45,3.3,978300051
89,8,4.7,978300052
60,93,4.4,978300053
14,53,3.7,978300054
9,55,1.6,978300055
90,32,2.0,978300056
53,51,4.5,978300057
130,44,1.7,978300058
84,82,2.1,978300059
92,70,1.5,978300060
111,18,3.7,978300061
188,83,4.8,978300062
199,22,2.1,978300063
172,37,2.9,978300064
8,96,3.5,978300065
175,56,5.0,978300066
35,59,1.4,978300067
81,3,3.0,978300068
164,28,2.5,978300069
50,74,4.5,978300070
104,35,2.9,978300071
132,61,1.4,978300072
2,93,3.5,978300073
134,54,4.1,978300074
54,63,1.0,978300075
106,79,4.4,978300076
4,97,1.7,978300077
54,7,3.2,978300078
191,76,2.7,978300079
146,49,3.9,978300080
44,94,2.5,978300081
162,85,4.5,978300082
190,31,3.9,978300083
14,58,3.6,978300084
95,61,4.2,978300085
48,24,4.0,978300086
15,20,1.1,978300087
200,37,2.6,978300088
190,4,4.7,978300089
40,92,1.5,978300090
82,20,3.9,978300091
111,60,4.9,978300092
53,24,1.2,978300093
24,50,3.7,978300094
154,49,2.9,978300095
188,51,3.3,978300096
124,96,1.3,978300097
41,36,1.2,978300098
157,98,3.7,978300099
15,100,4.3,978300100
45,66,4.1,978300101
65,79,3.2,978300102
89,34,1.4,978300103
71,36,3.8,978300104
9,6,2.0,978300105
88,39,4.6,978300106
129,42,4.4,978300107
136,58,3.8,978300108
63,12,4.8,978300109
139,3,1.1,978300110
81,18,3.9,978300111
136,40,2.3,978300112
163,21,4.6,978300113
163,15,2.1,978300114
33,97,3.9,978300115
123,99,4.5,978300116
5,26,1.2,978300117
41,8,2.6,978300118
28,100,4.0,978300119
135,94,2.8,978300120
72,87,2.1,978300121
12,42,1.9,978300122
162,44,1.5,978300123
33,14,4.4,978300124
48,78,3.3,978300125
151,2,1.3,978300126
62,37,2.5,978300127
37,69,2.5,978300128
99,38,1.7,978300129
172,41,2.7,978300130
104,62,2.3,978300131
35,60,2.4,978300132
193,14,4.0,978300133
101,89,1.9,978300134
175,84,3.6,978300135
131,2,3.3,978300136
1,70,3.3,978300137
5,17,3.7,978300138
142,89,3.2,978300139
103,28,4.5,978300140
27,66,3.7,978300141
137,35,3.2,978300142
15,5,4.3,978300143
90,65,3.4,978300144
42,40,2.2,978300145
124,76,1.8,978300146
179,56,1.6,978300147
63,36,4.6,978300148
96,45,3.8,978300149
52,23,4.7,978300150
96,47,3.4,978300151
132,31,2.9,978300152
151,11,1.2,978300153
143,10,3.7,978300154
171,67,3.3,978300155
29,14,5.0,978300156
36,80,2.0,978300157
13,74,3.1,978300158
160,93,3.6,978300159
71,10,3.6,978300160
187,76,3.2,978300161
86,94,4.1,978300162
28,1,1.8,978300163
66,5,3.9,978300164
170,20,3.5,978300165
45,8,4.6,978300166
62,43,4.4,978300167
185,76,2.3,978300168
134,1,2.1,978300169
28,57,4.9,978300170
28,64,3.1,978300171
108,84,4.6,978300172
44,28,1.7,978300173
84,37,3.6,978300174
30,47,4.2,978300175
190,76,4.8,978300176
75,37,2.3,978300177
128,49,3.9,978300178
92,44,3.2,978300179
190,56,1.2,978300180
129,28,3.8,978300181
121,79,3.8,978300182
27,6,4.7,978300183
190,61,3.0,978300184
121,20,1.9,978300185
116,78,1.2,978300186
3,2,2.7,978300187
103,73,2.2,978300188
198,37,4.0,978300189
200,20,2.4,978300190
155,26,4.8,978300191
137,29,4.8,978300192
62,1,3.5,978300193
165,35,4.7,978300194
51,70,4.0,978300195
172,59,3.2,978300196
152,69,1.7,978300197
59,33,2.8,978300198
118,51,3.2,978300199
160,78,4.5,978300200
96,12,2.9,978300201
180,20,4.6,978300202
113,53,3.7,978300203
62,88,1.5,978300204
186,43,5.0,978300205
52,98,3.1,978300206
12,89,2.6,978300207
39,50,3.6,978300208
130,29,1.4,978300209
131,57,3.5,978300210
113,39,3.0,978300211
101,95,2.6,978300212
113,56,4.8,978300213
184,43,3.1,978300214
81,50,1.9,978300215
187,23,2.8,978300216
113,44,4.7,978300217
2,38,1.7,978300218
130,84,1.9,978300219
54,23,1.1,978300220
87,45,1.1,978300221
129,52,4.3,978300222
147,80,3.9,978300223
126,50,2.4,978300224
130,8,3.8,978300225
53,85,2.6,978300226
172,1,4.8,978300227
160,8,4.9,978300228
198,29,2.6,978300229
160,96,4.4,978300230
68,5,4.1,978300231
183,86,2.2,978300232
184,47,1.9,978300233
123,34,2.8,978300234
145,65,4.1,978300235
38,55,4.8,978300236
24,90,4.1,978300237
69,43,4.4,978300238
116,74,3.4,978300239
98,30,4.3,978300240
198,82,4.1,978300241
139,17,2.5,978300242
144,26,3.2,978300243
97,8,4.2,978300244
124,47,1.2,978300245
70,91,1.7,978300247
93,72,3.1,978300248
3,89,4.2,978300249
148,46,2.0,978300250
187,68,2.0,978300251
164,33,2.6,978300252
147,1,4.6,978300253
90,19,1.0,978300254
195,31,4.6,978300255
148,14,5.0,978300257
96,53,4.8,978300258
199,48,3.0,978300259
52,69,3.1,978300260
161,90,2.9,978300261
168,62,3.5,978300262
128,92,1.4,978300263
39,66,1.1,978300264
82,64,1.2,978300265
104,70,2.8,978300266
129,63,2.1,978300267
11,73,3.5,978300268
185,33,5.0,978300269
178,41,2.5,978300270
151,89,3.3,978300271
159,48,2.7,978300272
42,13,4.4,978300273
99,73,4.6,978300274
7,77,4.5,978300275
144,31,4.9,978300276
90,75,1.1,978300277
112,68,4.4,978300278
60,98,4.0,978300279
113,4,1.9,978300280
2,19,4.8,978300281
129,70,1.6,978300282
48,98,3.7,978300283
140,82,1.9,978300284
197,13,2.7,978300285
37,23,3.9,978300286
160,83,3.3,978300287
9,75,2.7,978300288
99,1,2.3,978300289
147,88,4.4,978300290
48,54,1.6,978300291
131,71,2.7,978300292
148,89,4.6,978300293
152,85,4.4,978300294
54,15,2.6,978300295
120,65,4.1,978300296
161,76,4.3,978300297
152,71,4.6,978300298
116,15,3.2,978300299
75,21,1.8,978300300
113,19,2.0,978300301
200,60,2.2,978300302
164,93,3.4,978300303
166,89,1.1,978300304
104,33,3.5,978300305
84,49,2.5,978300306
112,96,2.2,978300307
99,35,4.5,978300308
153,44,2.8,978300309
93,90,1.4,978300310
146,11,4.3,978300311
128,99,1.2,978300312
110,72,3.9,978300313
82,78,4.1,978300314
194,74,2.4,978300315
54,66,4.3,978300316
163,46,3.1,978300317
189,9,2.9,978300318
169,3,1.2,978300319
161,85,2.2,978300320
68,26,4.7,978300321
33,72,2.6,978300322
142,48,3.2,978300323
21,66,3.1,978300324
48,70,3.4,978300325
148,28,1.2,978300326
128,93,2.4,978300327
136,26,3.9,978300328
195,12,1.8,978300330
145,5,1.0,978300331
128,98,2.7,978300332
33,48,4.5,978300333
176,37,1.2,978300334
187,79,1.8,978300335
115,44,2.2,978300336
119,100,3.9,978300337
22,15,3.6,978300338
158,43,2.7,978300339
38,48,4.0,978300340
109,87,3.4,978300341
182,46,4.3,978300343
8,43,2.0,978300344
27,21,2.1,978300345
27,23,1.5,978300346
21,80,2.3,978300347
97,15,2.6,978300349
28,25,1.9,978300350
111,36,4.0,978300351
192,75,3.2,978300352
197,51,1.6,978300353
61,15,2.5,978300354
48,68,2.7,978300355
147,21,4.0,978300356
4,13,1.1,978300357
35,86,2.1,978300358
192,19,3.1,978300359
49,34,2.1,978300360
17,78,3.5,978300361
172,68,2.9,978300362
158,52,2.4,978300363
46,27,4.8,978300364
117,29,3.5,978300365
6,28,1.5,978300366
124,8,4.1,978300368
37,16,3.8,978300369
24,36,1.7,978300370
93,30,4.9,978300371
46,18,2.8,978300372
181,2,1.6,978300373
95,49,1.7,978300374
99,77,1.4,978300375
188,4,4.2,978300376
116,90,1.5,978300377
191,89,1.5,978300378
160,94,4.4,978300379
161,75,2.4,978300380
67,7,1.1,978300381
128,95,1.2,978300382
18,74,1.6,978300383
25,39,1.9,978300384
54,13,3.7,978300385
58,31,1.6,978300386
67,71,1.5,978300387
104,63,4.1,978300388
174,56,3.7,978300389
24,42,2.7,978300390
114,61,3.2,978300391
32,42,2.2,978300392
86,36,3.0,978300394
151,84,2.5,978300395
194,68,4.6,978300396
127,7,1.1,978300397
155,54,4.1,978300398
130,1,1.5,978300399
17,44,4.2,978300400
104,45,3.5,978300401
161,47,4.4,978300402
137,13,1.4,978300403
43,22,3.2,978300404
176,21,3.0,978300405
39,86,3.8,978300406
170,92,3.1,978300407
26,9,3.2,978300408
99,26,2.7,978300409
50,9,2.2,978300410
153,15,2.9,978300411
152,10,1.5,978300412
13,88,4.8,978300413
60,42,3.9,978300414
135,72,4.8,978300415
57,24,1.9,978300416
173,49,4.2,978300418
20,26,3.7,978300419
65,91,3.5,978300420
8,37,2.3,978300421
144,68,4.3,978300422
142,50,3.0,978300423
115,24,1.3,978300424
143,19,2.3,978300425
92,100,4.7,978300426
98,60,4.4,978300427
66,39,4.9,978300428
32,74,3.5,978300429
86,18,1.7,978300431
51,19,1.7,978300432
153,36,1.1,978300433
186,74,2.6,978300434
63,97,1.8,978300435
190,55,2.6,978300436
125,69,4.7,978300437
150,47,2.7,978300438
58,49,4.5,978300439
58,99,3.4,978300440
86,98,2.0,978300441
49,33,2.4,978300442
180,21,1.3,978300443
170,81,2.3,978300444
70,22,3.7,978300445
15,48,1.3,978300446
54,37,1.8,978300447
188,15,2.5,978300448
101,35,4.9,978300449
8,92,4.1,978300450
53,71,3.9,978300451
60,32,1.5,978300452
108,11,4.1,978300453
5,10,4.1,978300454
196,78,5.0,978300456
6,77,2.3,978300457
109,57,4.8,978300458
116,25,4.7,978300459
94,2,1.0,978300460
47,64,2.8,978300461
55,7,1.4,978300463
168,85,3.2,978300464
52,18,4.9,978300465
144,67,3.2,978300466
13,42,1.8,978300467
114,39,3.3,978300468
124,41,1.8,978300469
106,75,3.1,978300470
158,24,1.3,978300471
147,60,3.4,978300472
145,46,3.1,978300473
120,19,4.0,978300474
63,68,3.5,978300475
19,90,3.2,978300476
92,42,3.8,978300477
58,32,1.6,978300478
183,39,3.4,978300479
90,36,1.7,978300480
117,97,4.7,978300481
62,36,1.3,978300482
23,3,2.7,978300483
127,73,3.8,978300484
137,8,2.8,978300485
140,97,1.4,978300486
58,41,3.6,978300488
122,68,3.8,978300489
1,13,2.5,978300490
34,49,3.3,978300491
96,60,2.8,978300492
126,2,3.7,978300493
118,60,3.3,978300494
48,5,3.1,978300495
89,44,2.0,978300496
117,27,1.0,978300497
129,32,1.7,978300498
16,21,1.5,978300499
189,8,2.8,978300500
192,72,3.4,978300501
191,50,1.9,978300502
69,67,4.8,978300503
22,44,1.0,978300504
93,58,4.1,978300505
195,3,3.5,978300506
76,86,2.5,978300507
154,70,1.2,978300508
144,2,3.5,978300509
179,87,2.5,978300510
86,44,4.7,978300511
185,2,3.2,978300512
29,81,4.8,978300513
69,35,1.9,978300514
47,98,3.9,978300515
94,87,3.5,978300516
190,30,4.0,978300517
197,8,1.9,978300518
144,22,3.7,978300519
176,44,3.0,978300520
85,58,4.0,978300521
39,36,2.3,978300522
100,69,4.6,978300523
33,77,1.3,978300524
101,93,4.2,978300525
23,31,4.4,978300526
10,47,4.3,978300527
69,55,3.1,978300528
100,80,2.8,978300529
34,62,5.0,978300530
180,30,1.9,978300531
138,55,3.2,978300532
147,16,3.7,978300533
186,12,3.8,978300534
96,17,1.8,978300535
1,16,3.6,978300536
69,12,4.3,978300537
4,8,1.2,978300538
16,84,4.6,978300539
24,3,1.1,978300540
80,16,2.4,978300541
2,30,1.1,978300542
128,23,1.3,978300543
160,92,4.6,978300544
84,5,2.4,978300545
152,84,2.7,978300546
140,65,1.9,978300547
178,30,3.4,978300548
124,84,2.5,978300550
33,70,2.3,978300551
161,22,4.5,978300552
189,82,2.5,978300553
179,72,3.0,978300554
171,32,2.1,978300555
101,33,4.1,978300556
12,16,2.6,978300557
67,76,3.1,978300558
65,38,2.0,978300559
161,98,5.0,978300560
168,14,2.2,978300561
74,36,4.1,978300562
43,97,2.7,978300563
44,23,1.8,978300564
29,66,4.2,978300565
141,85,2.3,978300566
12,2,4.5,978300567
95,91,4.7,978300568
46,73,4.4,978300569
130,65,1.1,978300570
35,75,4.1,978300571
81,67,2.6,978300572
90,52,4.5,978300573
8,62,3.6,978300574
93,23,4.3,978300575
154,26,3.0,978300576
90,68,3.1,978300577
162,82,1.6,978300578
115,55,4.1,978300579
105,6,2.7,978300580
135,35,3.0,978300581
196,22,4.1,978300582
58,43,3.4,978300583
114,15,1.8,978300584
75,86,3.4,978300585
157,60,2.6,978300586
120,12,2.9,978300587
164,49,1.1,978300588
21,42,1.8,978300589
164,38,2.1,978300590
138,82,3.9,978300591
101,45,1.0,978300592
152,35,2.6,978300593
192,30,4.7,978300594
177,88,1.4,978300595
99,30,3.1,978300596
36,78,4.1,978300597
96,6,4.8,978300598
152,67,4.0,978300599
151,80,3.9,978300600
190,7,4.3,978300601
37,52,2.8,978300602
12,14,4.2,978300603
113,73,1.0,978300604
183,15,4.7,978300605
13,21,2.8,978300606
23,35,3.2,978300607
99,66,2.0,978300608
105,91,4.0,978300609
30,2,1.3,978300610
17,35,4.5,978300611
113,82,4.3,978300612
62,78,1.9,978300613
84,20,4.2,978300614
112,82,4.1,978300615
86,10,3.5,978300616
141,25,2.5,978300617
187,66,2.1,978300618
19,25,1.9,978300619
177,54,2.3,978300620
100,33,4.6,978300621
140,36,1.3,978300622
189,95,4.3,978300623
147,14,2.4,978300624
76,65,3.1,978300625
9,80,4.2,978300626
199,54,4.5,978300627
28,52,2.4,978300628
128,3,2.8,978300629
52,99,2.7,978300630
83,41,1.1,978300631
111,6,2.2,978300632
144,25,2.8,978300633
117,13,2.6,978300634
69,98,3.9,978300635
99,8,2.5,978300636
140,21,3.0,978300637
25,98,2.7,978300638
180,68,4.0,978300639
123,25,4.5,978300640
53,79,3.1,978300641
151,68,4.2,978300642
144,45,2.2,978300643
57,60,3.2,978300644
39,12,2.4,978300645
109,32,2.7,978300646
181,96,3.9,978300647
42,92,4.5,978300648
186,13,1.5,978300649
167,31,3.5,978300650
142,78,3.3,978300651
122,20,1.5,978300652
133,18,1.8,978300653
163,93,2.2,978300654
75,60,1.7,978300655
146,63,2.0,978300656
76,6,2.1,978300657
9,32,2.3,978300658
74,93,4.0,978300659
145,2,4.9,978300661
7,60,2.7,978300662
174,23,4.0,978300663
141,83,4.5,978300664
168,31,3.7,978300665
170,5,2.6,978300666
137,83,4.0,978300667
178,34,1.8,978300668
27,10,2.3,978300669
122,89,3.2,978300670
194,2,3.3,978300671
5,11,1.1,978300672
29,50,4.8,978300673
165,31,3.8,978300674
166,56,3.0,978300675
83,79,4.7,978300676
136,73,2.8,978300677
65,83,3.0,978300679
86,9,1.5,978300680
145,99,4.1,978300681
71,21,3.7,978300682
45,73,4.1,978300683
132,28,4.8,978300684
36,62,4.1,978300685
70,7,3.4,978300686
159,80,4.4,978300687
19,16,3.7,978300688
189,97,2.6,978300689
108,4,4.5,978300690
182,4,1.9,978300691
167,40,3.9,978300692
91,17,4.5,978300693
19,93,3.8,978300695
39,52,4.0,978300696
126,36,2.9,978300697
195,38,4.5,978300698
173,50,1.8,978300699
141,63,1.5,978300700
126,63,2.1,978300701
58,62,3.1,978300702
148,99,3.0,978300703
200,7,4.3,978300704
61,27,2.6,978300705
127,92,2.9,978300706
105,86,1.1,978300707
167,14,2.6,978300708
1,71,3.6,978300709
131,86,1.1,978300710
92,5,2.1,978300711
191,2,1.2,978300713
113,62,2.9,978300714
153,91,1.7,978300715
56,21,4.0,978300716
161,79,4.4,978300717
166,21,3.2,978300718
117,10,4.9,978300719
134,87,2.8,978300720
58,58,3.1,978300721
44,39,5.0,978300722
173,5,1.9,978300723
160,65,4.8,978300724
173,13,1.2,978300725
61,85,2.8,978300726
47,90,1.3,978300727
149,85,3.9,978300728
80,53,3.4,978300729
118,82,3.8,978300730
164,45,2.5,978300731
147,32,2.5,978300732
20,36,1.2,978300733
185,81,2.4,978300734
146,99,4.7,978300735
47,60,2.5,978300736
49,11,4.3,978300737
14,63,4.4,978300738
143,21,2.5,978300739
159,52,3.5,978300740
1,55,1.4,978300741
117,26,1.4,978300742
54,68,1.2,978300743
118,34,3.3,978300744
3,52,2.7,978300745
144,82,3.2,978300746
185,99,3.1,978300747
12,93,2.4,978300748
74,52,3.7,978300749
16,29,4.0,978300750
200,38,1.1,978300751
102,42,1.8,978300752
152,21,3.9,978300753
156,42,2.5,978300754
8,64,2.4,978300756
122,17,2.6,978300757
92,9,1.6,978300758
164,41,2.0,978300759
90,1,3.4,978300760
136,2,2.7,978300761
186,60,4.1,978300762
60,48,4.4,978300763
178,29,3.2,978300764
28,97,4.0,978300765
101,10,2.2,978300766
41,58,2.7,978300767
192,60,3.9,978300768
155,21,2.5,978300769
191,28,3.4,978300770
145,75,1.7,978300771
161,34,3.4,978300772
157,8,4.4,978300773
141,59,4.5,978300774
46,86,3.9,978300775
35,72,4.0,978300776
134,49,3.2,978300777
82,79,3.3,978300778
115,17,1.5,978300779
197,60,2.8,978300780
47,87,2.8,978300781
153,88,4.8,978300782
194,45,2.7,978300783
10,83,3.2,978300784
56,69,3.1,978300785
30,32,3.5,978300786
109,44,4.0,978300787
5,65,1.9,978300788
119,87,3.1,978300789
33,8,4.3,978300790
118,77,2.9,978300791
65,72,2.1,978300792
146,87,3.6,978300793
177,43,4.3,978300794
11,1,1.3,978300795
85,51,4.1,978300796
26,24,4.3,978300797
63,99,2.8,978300798
86,24,4.9,978300799
59,17,4.1,978300800
27,5,4.1,978300801
177,20,4.0,978300802
161,21,1.6,978300803
98,58,1.9,978300804
105,31,2.9,978300805
99,100,2.1,978300806
129,11,2.7,978300807
149,52,4.6,978300808
55,15,4.3,978300809
6,83,3.5,978300810
197,7,4.4,978300811
95,28,4.1,978300812
133,51,2.7,978300813
102,58,1.8,978300814
3,5,3.1,978300815
181,5,3.9,978300816
23,94,2.7,978300817
53,96,3.7,978300818
165,8,1.4,978300819
83,64,4.0,978300820
145,10,4.3,978300821
85,38,3.8,978300822
78,96,4.9,978300823
110,92,4.3,978300824
1,81,4.6,978300825
51,95,4.7,978300826
173,8,4.2,978300827
4,25,3.7,978300828
190,73,1.0,978300829
193,66,2.9,978300830
113,79,3.3,978300831
32,50,2.2,978300832
34,67,2.3,978300833
92,49,4.8,978300834
95,36,4.6,978300835
72,68,4.4,978300836
39,78,2.6,978300837
154,41,1.1,978300838
162,89,1.3,978300839
182,62,2.2,978300840
118,10,1.1,978300841
3,21,1.1,978300842
123,36,4.7,978300843
50,12,3.8,978300844
12,91,2.2,978300845
193,2,1.5,978300846
133,53,1.0,978300848
57,32,4.8,978300849
145,95,2.7,978300850
112,16,2.6,978300851
47,32,2.6,978300852
151,32,1.3,978300853
85,98,3.6,978300854
142,11,3.9,978300855
66,10,3.7,978300856
75,15,1.6,978300857
179,17,3.3,978300858
103,40,3.3,978300859
166,18,4.5,978300860
192,55,2.5,978300861
38,73,2.5,978300862
50,25,3.5,978300863
98,59,3.5,978300864
30,89,2.8,978300866
79,22,3.0,978300867
91,30,4.4,978300868
179,84,2.8,978300869
191,85,4.8,978300870
52,44,3.0,978300871
166,32,4.8,978300872
79,51,4.3,978300873
30,46,2.4,978300874
106,21,4.5,978300875
51,99,1.4,978300876
81,32,4.7,978300877
133,94,3.5,978300878
29,39,1.2,978300879
132,12,3.6,978300880
138,47,4.9,978300881
184,18,1.3,978300882
145,21,3.2,978300883
74,13,4.0,978300884
17,21,4.2,978300885
84,8,2.7,978300886
69,46,1.8,978300887
34,7,1.2,978300888
6,23,3.3,978300889
194,75,4.8,978300891
126,86,1.2,978300892
115,89,1.1,978300894
111,22,1.7,978300895
151,92,2.8,978300896
183,29,2.8,978300897
80,13,3.7,978300898
95,82,4.6,978300899
118,2,3.6,978300900
144,29,4.8,978300901
8,85,4.5,978300902
132,79,3.3,978300903
104,52,4.3,978300904
132,27,3.6,978300905
184,50,1.3,978300906
25,95,4.0,978300907
195,79,1.4,978300908
96,23,3.4,978300909
195,88,3.8,978300910
155,44,1.3,978300911
93,77,1.9,978300912
160,22,4.7,978300913
178,43,3.5,978300914
61,37,2.0,978300915
122,61,3.8,978300916
51,97,3.4,978300917
147,56,3.0,978300918
21,3,4.9,978300919
5,63,3.7,978300920
92,19,2.5,978300921
170,23,4.2,978300922
61,29,4.5,978300923
22,30,1.5,978300924
149,39,1.8,978300925
70,25,1.9,978300926
1,8,3.8,978300927
133,58,3.4,978300928
90,72,4.8,978300930
46,1,4.1,978300931
34,5,1.5,978300932
177,3,2.4,978300933
78,65,2.7,978300934
45,4,2.6,978300935
155,99,3.7,978300936
73,96,4.6,978300937
26,64,2.2,978300938
121,89,4.2,978300940
56,10,2.7,978300941
94,21,1.7,978300942
63,91,1.2,978300944
48,27,4.8,978300945
61,66,1.3,978300946
81,41,2.8,978300947
26,13,3.1,978300948
36,9,4.9,978300949
1,36,1.7,978300950
8,86,1.5,978300951
113,90,1.0,978300952
99,58,1.6,978300953
180,54,1.8,978300954
47,12,3.5,978300955
127,81,1.9,978300956
56,78,1.1,978300957
14,14,4.3,978300958
28,34,2.5,978300959
78,53,2.4,978300960
130,20,2.2,978300961
109,75,4.9,978300962
154,16,1.7,978300963
14,95,4.6,978300964
187,70,4.1,978300965
56,56,1.3,978300966
115,83,4.9,978300967
7,58,2.1,978300968
3,4,1.4,978300969
111,4,4.3,978300970
151,20,3.8,978300971
107,10,3.5,978300972
18,24,1.6,978300973
38,99,2.9,978300974
115,26,4.1,978300975
15,37,2.2,978300976
192,85,2.2,978300977
119,54,1.0,978300978
28,21,1.7,978300979
39,74,4.5,978300980
185,38,2.8,978300981
17,46,4.9,978300982
86,4,2.6,978300983
126,60,3.9,978300984
44,57,2.1,978300985
25,45,2.5,978300986
145,20,1.8,978300987
13,17,2.4,978300988
25,71,3.2,978300989
68,4,5.0,978300990
138,93,3.7,978300991
67,14,1.8,978300992
109,3,1.2,978300993
146,88,1.5,978300994
111,80,3.3,978300995
111,58,4.1,978300996
34,55,4.8,978300997
8,24,3.1,978300999
168,34,2.9,978301000
113,30,3.6,978301001
83,82,3.2,978301002
42,19,3.7,978301003
169,31,3.6,978301004
101,60,1.5,978301005
6,60,4.2,978301006
180,19,1.5,978301007
26,49,3.8,978301008
64,63,2.7,978301009
187,83,3.1,978301010
184,22,4.6,978301011
59,24,4.6,978301012
109,76,4.3,978301013
198,30,3.0,978301014
121,58,3.9,978301015
33,31,3.1,978301016
181,100,4.5,978301017
150,64,2.6,978301018
21,19,4.9,978301019
198,48,4.7,978301020
70,45,4.0,978301021
112,100,2.1,978301022
4,94,1.5,978301023
94,55,4.4,978301024
75,55,1.7,978301025
190,97,4.4,978301026
62,18,3.0,978301027
94,63,2.6,978301028
95,92,4.6,978301029
152,47,3.4,978301030
55,75,3.3,978301031
137,57,3.2,978301032
131,45,2.5,978301033
31,33,4.1,978301034
40,17,2.0,978301035
36,70,4.8,978301036
152,4,4.6,978301037
6,20,2.3,978301038
66,47,3.9,978301039
75,91,3.3,978301040
4,15,2.4,978301041
79,70,5.0,978301042
134,47,1.1,978301043
118,78,2.0,978301044
113,75,3.1,978301045
94,9,3.1,978301046
179,90,3.4,978301047
62,16,4.0,978301048
185,69,3.5,978301049
194,61,3.4,978301050
79,10,1.2,978301051
136,50,2.5,978301052
26,3,1.9,978301053
179,77,2.1,978301054
173,94,3.2,978301055
44,70,1.8,978301056
133,81,2.2,978301057
70,51,1.9,978301058
154,19,4.8,978301059
118,42,4.8,978301060
68,35,3.4,978301061
19,46,4.7,978301062
113,69,3.4,978301064
140,93,1.0,978301065
1,37,3.8,978301067
90,84,3.5,978301068
142,49,4.0,978301069
64,21,3.1,978301070
38,74,3.8,978301071
37,64,4.7,978301072
126,5,2.5,978301073
139,100,3.8,978301074
100,70,2.9,978301075
77,90,3.7,978301076
161,39,1.2,978301078
134,35,3.6,978301079
178,1,1.9,978301080
10,24,3.7,978301081
5,57,2.9,978301082
151,100,4.1,978301083
138,70,1.5,978301084
130,54,2.1,978301086
13,46,4.4,978301087
168,60,4.7,978301088
130,60,5.0,978301089
84,57,4.2,978301090
65,31,4.0,978301091
63,84,1.9,978301092
101,24,2.3,978301093
73,89,2.9,978301094
17,36,4.1,978301095
9,85,4.7,978301096
143,30,1.8,978301097
152,24,4.7,978301098
38,30,3.8,978301099
163,86,3.4,978301100
94,92,1.8,978301101
95,7,1.2,978301102
49,35,3.3,978301103
62,92,1.8,978301105
188,14,3.2,978301106
178,10,4.4,978301107
78,80,4.3,978301108
117,16,4.7,978301109
120,54,2.5,978301110
137,95,2.3,978301111
76,77,2.7,978301113
35,70,1.4,978301114
1,44,2.1,978301115
40,73,2.7,978301116
64,45,2.2,978301117
150,100,2.3,978301118
60,56,2.2,978301119
64,84,1.2,978301120
93,82,3.5,978301121
72,57,3.4,978301122
11,21,3.6,978301123
105,68,1.8,978301124
14,50,2.2,978301125
60,33,3.5,978301126
30,91,3.4,978301127
35,7,3.0,978301128
165,70,2.4,978301129
5,15,4.7,978301130
123,32,2.8,978301132
78,75,3.7,978301133
154,20,3.2,978301134
132,15,2.7,978301136
89,48,4.2,978301137
42,71,2.1,978301138
89,21,1.6,978301139
146,42,2.3,978301140
40,26,4.4,978301141
72,14,1.4,978301142
39,57,5.0,978301143
104,37,3.2,978301144
32,21,4.8,978301146
179,82,2.8,978301147
166,3,1.7,978301149
97,87,2.0,978301150
23,90,3.8,978301151
63,37,2.1,978301152
143,88,2.4,978301153
153,49,2.8,978301154
145,19,4.7,978301155
194,89,1.8,978301156
104,12,1.2,978301158
104,61,4.6,978301159
179,41,3.6,978301160
39,33,2.1,978301161
179,50,1.7,978301162
198,68,2.2,978301163
134,71,1.5,978301164
67,86,4.8,978301165
135,33,4.1,978301166
179,81,2.8,978301167
200,24,4.5,978301168
42,61,2.0,978301169
192,61,3.9,978301170
15,98,4.4,978301171
111,28,2.4,978301172
157,58,4.0,978301173
33,43,2.2,978301174
155,41,2.2,978301175
164,39,1.4,978301176
157,86,2.8,978301177
38,49,3.9,978301178
185,17,4.8,978301179
97,98,3.4,978301180
155,70,4.5,978301181
183,70,4.3,978301182
33,98,1.7,978301183
196,65,2.9,978301184
86,74,1.5,978301185
66,85,3.7,978301186
10,5,4.8,978301187
5,2,1.5,978301188
123,22,3.9,978301189
74,57,3.5,978301190
97,66,3.3,978301191
118,74,2.6,978301192
38,98,2.4,978301193
141,16,1.2,978301194
159,51,1.9,978301195
47,39,1.1,978301196
109,86,3.3,978301197
180,76,1.4,978301198
184,88,4.5,978301199
15,40,3.1,978301200
157,38,3.8,978301201
136,60,2.6,978301202
5,59,3.2,978301203
157,10,4.8,978301204
47,99,1.3,978301205
68,64,2.0,978301206
76,63,4.1,978301207
130,64,1.3,978301209
155,32,2.4,978301210
115,21,3.3,978301212
164,20,1.9,978301213
36,26,4.6,978301214
26,68,4.1,978301215
43,86,3.8,978301216
27,15,3.5,978301217
69,85,4.5,978301218
148,79,1.9,978301219
11,86,4.5,978301220
74,92,4.2,978301221
104,14,4.0,978301222
38,27,3.2,978301223
134,40,2.0,978301224
200,58,2.7,978301225
23,28,4.2,978301226
47,26,1.1,978301227
90,63,4.1,978301228
46,66,2.0,978301229
107,25,1.6,978301230
140,3,1.5,978301231
141,72,1.1,978301232
104,44,3.1,978301233
111,42,5.0,978301235
104,99,3.3,978301236
60,6,1.6,978301237
171,39,3.8,978301238
100,52,4.6,978301239
68,23,4.0,978301240
133,89,1.3,978301241
120,50,4.6,978301242
37,43,4.2,978301243
72,19,1.6,978301244
127,69,1.2,978301245
106,51,3.2,978301246
92,11,1.6,978301247
31,12,4.3,978301248
122,74,2.4,978301249
51,24,3.3,978301251
29,92,1.7,978301252
40,41,1.6,978301253
11,85,4.0,978301255
151,72,4.1,978301256
46,9,1.8,978301258
101,47,1.1,978301259
149,15,3.7,978301260
90,48,1.3,978301261
110,82,2.7,978301262
164,42,3.4,978301263
182,60,4.7,978301264
57,84,2.2,978301265
182,2,3.5,978301268
115,80,4.7,978301270
168,3,4.4,978301271
143,3,1.9,978301272
149,27,2.0,978301273
175,40,3.0,978301274
53,33,4.1,978301275
137,92,1.2,978301276
180,1,3.8,978301277
57,8,3.6,978301278
117,32,1.9,978301279
154,48,3.7,978301280
169,4,4.8,978301281
35,94,1.2,978301282
63,70,2.3,978301283
25,19,2.8,978301284
75,9,4.8,978301286
38,12,2.8,978301287
130,11,4.0,978301288
135,46,3.1,978301289
162,16,3.2,978301290
91,1,2.1,978301291
17,63,1.9,978301292
128,21,2.2,978301293
171,30,3.2,978301294
187,13,1.1,978301295
108,34,4.6,978301296
179,4,1.6,978301297
182,28,1.9,978301298
152,95,3.1,978301299
25,59,3.8,978301300
199,27,1.4,978301301
180,69,2.3,978301302
198,25,4.9,978301303
88,3,2.0,978301304
161,97,2.3,978301305
177,68,4.3,978301306
29,25,1.2,978301307
63,20,2.9,978301308
150,34,2.5,978301309
156,5,2.1,978301311
114,99,1.4,978301312
49,61,2.3,978301313
199,92,1.2,978301314
81,93,4.1,978301315
84,9,2.6,978301316
105,50,2.8,978301317
177,6,4.6,978301318
148,83,3.6,978301319
63,11,1.9,978301322
189,66,1.4,978301323
104,47,4.1,978301324
49,73,3.0,978301325
71,85,2.7,978301326
1,88,2.0,978301327
141,98,3.2,978301328
179,86,2.1,978301329
123,3,4.6,978301330
184,76,1.9,978301331
32,30,3.2,978301333
158,90,4.3,978301334
29,21,3.9,978301335
49,28,3.8,978301336
173,90,2.3,978301337
30,62,1.9,978301338
144,33,1.8,978301339
19,35,4.3,978301341
18,52,2.8,978301342
1,34,1.5,978301343
78,41,2.5,978301344
115,51,3.5,978301345
175,47,2.8,978301346
194,82,4.1,978301347
113,58,5.0,978301348
114,75,1.8,978301349
166,57,2.8,978301350
179,23,2.7,978301351
63,48,2.2,978301352
132,22,1.8,978301353
129,17,1.3,978301354
8,69,4.5,978301355
157,11,2.7,978301356
55,94,3.0,978301357
103,15,4.7,978301358
131,91,4.1,978301359
32,35,1.5,978301360
10,33,3.3,978301361
110,84,2.8,978301362
124,34,3.9,978301364
87,66,3.8,978301365
55,99,2.4,978301366
32,40,4.2,978301367
178,28,1.2,978301368
135,47,1.6,978301369
93,39,2.3,978301370
8,70,1.3,978301371
65,73,1.9,978301372
57,20,4.3,978301373
67,1,4.8,978301374
187,72,2.2,978301375
67,67,2.1,978301378
51,4,1.1,978301379
97,58,4.7,978301380
92,25,1.9,978301381
8,47,2.7,978301382
162,38,1.0,978301383
35,15,4.4,978301384
96,63,3.9,978301385
88,21,4.8,978301386
78,99,4.1,978301387
32,57,2.3,978301388
120,53,2.0,978301389
46,46,3.8,978301390
144,14,2.5,978301391
196,100,3.3,978301392
165,76,1.0,978301393
182,17,1.2,978301394
142,39,3.1,978301395
55,9,3.3,978301396
176,99,4.0,978301397
74,79,3.1,978301399
7,82,1.8,978301400
151,6,2.6,978301402
85,91,1.7,978301403
147,23,1.9,978301404
112,59,2.3,978301405
125,91,2.0,978301406
147,98,1.4,978301407
36,46,1.4,978301408
29,38,1.8,978301409
82,100,3.5,978301411
2,72,2.1,978301412
129,62,2.1,978301413
47,35,2.3,978301414
197,19,3.7,978301415
148,30,4.5,978301416
11,78,4.0,978301417
195,25,2.9,978301419
119,40,3.8,978301420
140,88,3.2,978301421
20,14,1.9,978301422
37,87,2.2,978301424
166,22,4.6,978301425
137,48,3.2,978301426
53,83,3.9,978301427
172,51,2.4,978301428
99,3,2.6,978301429
86,42,1.5,978301430
108,19,1.7,978301431
24,73,4.3,978301432
81,28,3.3,978301433
158,84,2.4,978301434
120,45,4.2,978301435
59,71,2.0,978301436
128,78,4.9,978301437
114,63,2.4,978301438
115,73,2.3,978301439
14,19,2.2,978301440
9,47,1.5,978301441
40,14,1.4,978301442
194,38,3.6,978301443
25,53,4.5,978301444
103,61,4.2,978301445
22,36,1.6,978301446
4,40,3.2,978301447
154,81,1.4,978301448
186,30,1.2,978301449
29,9,3.6,978301450
109,64,3.1,978301451
98,33,1.3,978301452
75,89,5.0,978301454
70,14,1.1,978301455
146,75,2.8,978301456
128,53,3.0,978301457
85,99,1.5,978301458
42,59,1.7,978301459
100,78,2.4,978301460
41,94,4.0,978301461
166,41,3.0,978301462
34,68,3.6,978301463
17,68,4.9,978301464
165,92,4.1,978301465
153,8,2.7,978301466
122,2,2.8,978301467
87,41,3.7,978301469
117,55,3.0,978301470
106,16,3.6,978301471
86,93,1.1,978301472
27,62,2.7,978301473
57,48,2.1,978301474
31,30,1.5,978301475
134,12,1.4,978301476
168,35,3.4,978301477
98,11,3.1,978301478
12,64,2.0,978301479
53,50,2.9,978301480
199,85,3.0,978301481
138,21,1.8,978301482
173,69,3.6,978301483
145,48,4.1,978301484
190,67,3.4,978301486
122,44,3.0,978301487
46,33,1.2,978301488
64,73,2.2,978301489
130,61,1.4,978301490
54,9,4.9,978301491
107,68,1.5,978301492
193,35,1.6,978301493
51,81,4.6,978301494
181,98,4.8,978301495
36,88,4.1,978301496
115,96,1.0,978301497
26,65,1.0,978301498
29,8,2.5,978301499
149,45,1.6,978301500
11,87,1.1,978301501
40,47,2.9,978301502
11,40,4.8,978301503
164,76,2.3,978301504
113,54,3.6,978301505
39,46,2.0,978301507
54,47,3.6,978301508
98,15,1.8,978301509
55,19,1.5,978301510
111,26,3.8,978301511
152,52,1.5,978301512
150,93,5.0,978301513
69,22,1.7,978301514
33,51,2.6,978301516
36,38,1.5,978301517
148,20,1.1,978301518
81,29,3.5,978301519
190,51,4.2,978301520
109,4,4.4,978301521
154,55,2.9,978301522
194,71,4.1,978301523
73,92,3.7,978301524
40,28,3.9,978301525
17,4,3.0,978301526
129,22,3.5,978301527
61,76,4.2,978301528
171,45,2.6,978301529
104,67,4.2,978301530
42,86,3.4,978301531
25,66,1.7,978301532
39,88,1.1,978301533
35,34,2.5,978301534
108,55,4.4,978301536
102,87,4.5,978301539
98,38,1.6,978301540
12,6,4.4,978301541
19,86,5.0,978301542
101,25,3.9,978301543
44,82,4.1,978301544
187,17,5.0,978301545
189,12,2.2,978301547
17,6,4.4,978301548
74,90,3.5,978301549
57,27,3.3,978301550
55,8,2.0,978301551
47,83,4.0,978301552
12,65,1.3,978301553
62,57,4.7,978301554
80,93,2.3,978301555
83,99,1.5,978301556
8,40,2.8,978301557
149,14,1.2,978301558
81,35,3.7,978301559
118,48,4.6,978301560
198,84,4.3,978301561
200,56,1.5,978301562
25,49,1.5,978301563
89,13,4.3,978301564
12,61,4.7,978301565
143,49,2.8,978301566
59,46,3.0,978301567
154,62,2.3,978301568
109,8,4.6,978301569
26,43,3.6,978301570
47,20,2.2,978301571
32,97,2.2,978301572
10,90,4.6,978301573
16,39,1.1,978301574
145,49,3.2,978301576
151,64,1.6,978301577
26,62,1.4,978301578
86,54,4.3,978301579
135,9,4.6,978301580
14,88,4.3,978301581
79,37,4.6,978301582
117,49,3.2,978301583
7,41,4.2,978301584
137,17,2.5,978301585
115,88,3.7,978301586
72,51,1.9,978301588
59,59,2.6,978301589
82,39,2.9,978301590
116,55,1.6,978301591
167,41,1.3,978301592
146,39,4.3,978301593
103,64,2.6,978301595
17,11,1.4,978301596
159,11,4.6,978301598
152,77,2.9,978301599
108,46,2.3,978301600
188,45,2.9,978301601
45,1,2.3,978301602
98,40,3.0,978301603
131,19,4.4,978301604
37,76,3.4,978301605
171,72,3.8,978301606
168,72,2.5,978301607
183,61,4.0,978301608
108,12,3.7,978301609
39,61,1.5,978301610
15,33,3.3,978301611
4,90,4.2,978301613
93,92,2.7,978301614
153,69,5.0,978301615
141,8,1.4,978301616
161,25,4.1,978301617
16,91,3.7,978301618
170,46,4.1,978301619
108,87,2.2,978301620
126,30,3.0,978301621
194,47,4.2,978301622
55,87,1.9,978301623
170,49,1.9,978301624
34,47,3.2,978301625
13,82,2.1,978301627
141,18,2.2,978301628
18,66,2.1,978301629
160,68,4.1,978301630
96,94,3.6,978301631
123,33,4.3,978301632
46,82,2.9,978301634
29,19,1.3,978301635
190,28,1.2,978301636
62,40,2.2,978301637
185,84,4.7,978301638
16,97,3.1,978301639
121,15,2.6,978301641
10,41,3.4,978301642
158,39,3.6,978301643
153,2,1.6,978301644
103,63,4.9,978301645
84,29,3.2,978301646
133,74,1.5,978301647
65,66,4.6,978301648
177,51,1.3,978301649
3,75,4.6,978301650
173,77,5.0,978301651
142,10,3.8,978301652
120,14,4.1,978301653
158,82,2.3,978301654
68,51,4.8,978301655
146,73,3.1,978301656
190,39,3.9,978301657
37,28,4.7,978301658
153,3,4.9,978301659
176,84,4.3,978301660
193,70,2.2,978301661
181,27,4.9,978301662
73,2,3.5,978301663
143,93,4.7,978301664
49,38,3.7,978301665
121,3,2.2,978301666
88,16,2.5,978301667
196,94,3.2,978301668
140,40,4.2,978301669
187,2,2.3,978301670
37,81,3.3,978301671
61,41,2.4,978301672
171,12,4.3,978301673
124,35,2.9,978301674
198,65,1.3,978301675
39,55,1.7,978301676
184,45,1.2,978301677
63,79,3.0,978301678
46,90,1.4,978301679
88,85,1.5,978301680
11,62,4.8,978301681
62,49,4.5,978301682
77,95,2.8,978301683
153,25,4.9,978301684
199,23,1.0,978301685
52,24,3.5,978301686
4,38,3.5,978301687
59,28,2.8,978301688
72,21,2.6,978301689
148,54,2.8,978301690
93,18,2.7,978301691
54,99,1.5,978301693
117,45,1.8,978301694
110,73,1.7,978301695
74,53,2.0,978301696
107,30,3.1,978301697
169,98,4.5,978301699
3,32,2.2,978301700
120,67,1.7,978301701
6,67,3.7,978301702
5,28,1.2,978301703
5,44,3.5,978301704
54,79,3.8,978301705
47,41,1.9,978301706
177,63,1.2,978301707
9,23,2.5,978301708
99,75,1.4,978301709
20,48,1.5,978301710
122,32,2.0,978301711
61,57,2.2,978301712
123,100,3.1,978301713
163,33,3.7,978301714
178,24,3.4,978301715
62,34,1.7,978301717
145,56,4.5,978301718
3,28,3.2,978301719
160,37,4.5,978301720
13,7,2.5,978301721
120,68,3.5,978301722
125,37,3.1,978301723
89,56,2.3,978301724
73,65,2.9,978301725
68,65,3.0,978301726
142,47,1.8,978301727
101,20,2.3,978301728
98,19,4.2,978301729
11,29,4.7,978301730
105,74,2.4,978301731
184,60,2.2,978301732
67,18,1.8,978301733
123,92,3.7,978301734
29,35,2.3,978301735
137,43,5.0,978301736
195,95,2.3,978301737
76,11,3.4,978301739
9,38,2.9,978301741
40,64,2.7,978301742
25,69,5.0,978301743
5,8,1.0,978301744
139,34,4.6,978301745
187,48,1.6,978301746
124,56,4.1,978301747
38,76,3.5,978301748
72,65,2.4,978301749
133,31,4.5,978301750
176,4,1.1,978301751
90,50,1.9,978301752
146,69,3.3,978301753
37,88,3.4,978301755
60,59,1.1,978301756
176,67,1.5,978301757
28,75,1.5,978301758
197,45,1.8,978301759
81,4,2.8,978301760
114,26,4.0,978301761
40,27,4.6,978301762
45,46,4.3,978301763
62,64,1.8,978301764
93,91,2.8,978301765
186,50,2.1,978301767
67,6,3.0,978301768
56,59,1.3,978301769
40,15,1.9,978301770
40,42,2.9,978301772
91,37,2.8,978301773
33,42,1.1,978301774
6,35,2.0,978301775
147,87,4.5,978301776
80,6,1.7,978301777
168,68,2.7,978301778
92,18,1.1,978301779
97,73,2.9,978301780
59,29,1.1,978301781
59,77,4.3,978301782
48,59,4.3,978301783
169,47,4.2,978301784
107,96,4.3,978301786
45,22,3.2,978301787
89,68,2.5,978301788
181,69,3.5,978301789
170,37,1.0,978301790
100,49,1.6,978301791
191,13,4.0,978301792
155,34,2.0,978301793
166,86,3.4,978301794
188,53,2.5,978301795
7,87,4.4,978301796
45,3,4.5,978301798
58,42,2.1,978301799
31,98,1.8,978301800
23,32,2.9,978301801
170,51,1.0,978301802
138,85,1.1,978301803
160,46,3.2,978301804
107,21,3.1,978301805
181,44,5.0,978301806
158,11,1.8,978301807
39,68,2.0,978301808
159,1,1.5,978301809
82,92,4.7,978301810
100,63,4.1,978301811
2,24,4.3,978301812
77,99,4.6,978301813
12,13,3.1,978301814
39,98,2.8,978301815
194,11,2.3,978301816
13,100,3.4,978301817
46,51,2.8,978301818
155,17,2.8,978301819
113,99,4.7,978301820
17,82,4.9,978301821
104,86,4.2,978301822
98,24,4.0,978301823
188,19,3.7,978301824
192,37,1.7,978301825
163,28,3.9,978301828
70,5,1.2,978301829
158,17,4.7,978301830
199,36,1.4,978301831
74,19,2.1,978301832
63,64,3.7,978301833
156,91,1.7,978301834
79,11,2.3,978301836
37,54,4.1,978301837
22,45,2.7,978301838
196,47,3.6,978301839
148,12,3.3,978301840
96,21,1.1,978301841
68,11,5.0,978301842
192,92,1.2,978301843
17,5,4.9,978301844
12,81,3.2,978301845
150,56,4.9,978301846
138,41,3.0,978301848
118,46,1.7,978301849
193,12,1.2,978301850
22,70,3.5,978301851
120,17,1.8,978301852
50,19,3.4,978301853
14,26,1.4,978301854
192,48,2.3,978301855
175,52,4.1,978301856
29,96,2.7,978301857
164,70,3.5,978301858
180,55,3.6,978301859
125,100,4.4,978301860
7,75,2.3,978301861
29,33,3.7,978301862
139,62,4.8,978301863
33,88,3.9,978301864
134,23,3.0,978301865
111,15,3.5,978301866
79,27,4.0,978301867
160,75,3.4,978301868
179,64,1.1,978301869
58,81,1.8,978301870
26,51,4.2,978301871
174,53,2.1,978301872
29,78,3.9,978301873
4,91,2.5,978301874
99,82,3.1,978301875
141,92,1.3,978301876
39,51,1.7,978301877
15,47,4.8,978301878
119,4,4.6,978301879
29,7,3.6,978301880
157,35,2.8,978301881
75,48,3.7,978301882
116,73,3.5,978301883
32,72,3.3,978301884
130,45,1.2,978301885
175,81,3.5,978301886
84,81,4.1,978301887
22,97,5.0,978301888
27,96,1.0,978301889
195,72,3.9,978301890
81,19,3.3,978301891
184,38,1.5,978301893
92,67,2.6,978301894
21,59,2.4,978301895
47,69,2.2,978301896
101,13,3.9,978301897
187,47,3.8,978301898
84,61,3.4,978301899
6,31,4.8,978301900
185,96,2.0,978301902
197,22,3.6,978301903
131,93,1.8,978301904
1,86,2.3,978301905
124,67,1.3,978301907
166,54,4.3,978301908
15,10,2.0,978301909
162,42,2.9,978301910
189,64,1.2,978301911
64,80,2.3,978301913
25,76,4.0,978301914
24,66,2.6,978301915
12,41,1.8,978301916
15,35,1.5,978301918
27,56,2.8,978301919
72,30,2.3,978301920
60,57,4.6,978301921
174,94,1.2,978301922
145,47,3.8,978301923
93,35,1.7,978301924
53,19,2.3,978301925
8,8,2.7,978301926
79,26,4.6,978301927
27,71,2.0,978301928
174,30,1.4,978301929
50,7,2.3,978301930
199,67,1.4,978301931
131,65,1.5,978301932
93,36,3.3,978301933
192,25,1.2,978301934
181,1,3.9,978301936
24,15,2.4,978301937
60,37,1.5,978301938
122,13,2.0,978301939
131,8,3.6,978301940
148,5,2.1,978301941
46,60,3.0,978301942
15,73,1.5,978301943
153,1,3.4,978301944
126,66,4.2,978301947
84,63,3.4,978301948
166,9,2.0,978301950
176,34,2.3,978301951
188,46,1.7,978301952
63,78,1.7,978301953
117,4,4.2,978301954
130,30,2.5,978301955
88,95,2.7,978301956
72,75,3.4,978301957
139,99,3.4,978301958
64,72,1.3,978301959
72,3,4.3,978301960
21,14,1.7,978301961
18,60,3.9,978301962
64,77,4.1,978301963
82,45,3.9,978301964
110,96,3.3,978301965
95,34,1.1,978301966
166,45,2.4,978301967
32,61,3.4,978301968
11,83,2.5,978301969
45,16,4.5,978301970
33,66,2.2,978301971
102,40,2.2,978301972
169,17,2.1,978301973
136,34,2.3,978301974
11,16,3.2,978301975
179,60,3.8,978301976
88,66,3.7,978301977
41,66,4.2,978301978
145,90,4.5,978301979
76,13,4.3,978301980
121,56,1.1,978301981
46,31,3.9,978301982
160,34,1.8,978301983
80,39,1.5,978301984
54,67,3.6,978301985
86,8,2.3,978301986
92,87,1.2,978301987
148,78,1.6,978301988
161,55,1.0,978301989
168,27,4.6,978301990
97,53,1.8,978301992
2,39,2.7,978301993
33,65,2.4,978301994
161,30,1.2,978301996
77,53,3.0,978301997
116,13,3.7,978301998
154,21,4.7,978301999
